School Name,ID,Reporting Year,# Of Apps Full-Time,# Of Apps Part-Time,# Of Apps Total,# Of Offers Full-Time,# Of Offers Part-Time,# Of Offers Total,# Of Matriculants Full-Time,# Of Matriculants Part-Time,# Of Matriculants Total,75th Percentile GPA Full-Time,75th Percentile GPA Part-Time,75th Percentile GPA Total,50th Percentile GPA Full-Time,50th Percentile GPA Part-Time,50th Percentile GPA Total,25th Percentile GPA Full-Time,25th Percentile GPA Part-Time,25th Percentile GPA Total,# not incl. in GPA percentile calc. Full-Time,# not incl. in GPA percentile calc. Part-Time,# not incl. in GPA percentile calc. Total,75th Percentile LSAT Full-Time,75th Percentile LSAT Part-Time,75th Percentile LSAT Total,50th Percentile LSAT Full-Time,50th Percentile LSAT Part-Time,50th Percentile LSAT Total,25th Percentile LSAT Full-Time,25th Percentile LSAT Part-Time,25th Percentile LSAT Total,# not incl. in LSAT percentile calc. Full-Time,# not incl. in LSAT percentile calc. Part-Time,# not incl. in LSAT percentile calc. Total
"ALABAMA, UNIVERSITY OF",1,2016,"1,624",0,"1,624",511,0,511,133,0,133,3.92,0,3.92,3.82,0,3.82,3.45,0,3.45,0,0,0,165,0,165,163,0,163,157,0,157,6,0,6
"ALABAMA, UNIVERSITY OF",1,2015,"1,584",0,"1,584",581,0,581,153,0,153,3.93,0,3.93,3.76,0,3.76,3.29,0,3.29,0,0,0,164,0,164,163,0,163,156,0,156,7,0,7
"ALABAMA, UNIVERSITY OF",1,2014,"1,896",0,"1,896",521,0,521,134,0,134,3.94,0,3.94,3.77,0,3.77,3.37,0,3.37,1,0,1,165,0,165,163,0,163,157,0,157,5,0,5
"ALABAMA, UNIVERSITY OF",1,2013,"1,849",0,"1,849",454,0,454,145,0,145,3.94,0,3.94,3.86,0,3.86,3.42,0,3.42,,,,166,0,166,164,0,164,157,0,157,,,
"ALABAMA, UNIVERSITY OF",1,2012,"1,679",0,"1,679",423,0,423,149,0,149,3.94,0,3.94,3.83,0,3.83,3.31,0,3.31,,,,167,0,167,165,0,165,158,0,158,,,
"ALABAMA, UNIVERSITY OF",1,2011,"1,872",0,"1,872",473,0,473,160,0,160,3.94,0,3.94,3.83,0,3.83,3.42,0,3.42,,,,167,0,167,165,0,165,158,0,158,,,
ARIZONA STATE UNIVERSITY,2,2016,"1,860",0,"1,860",780,0,780,228,0,228,3.8,0,3.8,3.64,0,3.64,3.34,0,3.34,2,0,2,163,0,163,161,0,161,158,0,158,5,0,5
ARIZONA STATE UNIVERSITY,2,2015,"1,423",0,"1,423",616,0,616,215,0,215,3.8,0,3.8,3.63,0,3.63,3.39,0,3.39,3,0,3,163,0,163,161,0,161,158,0,158,6,0,6
ARIZONA STATE UNIVERSITY,2,2014,"1,410",0,"1,410",622,0,622,143,0,143,3.78,0,3.78,3.61,0,3.61,3.37,0,3.37,1,0,1,163,0,163,162,0,162,157,0,157,0,0,0
ARIZONA STATE UNIVERSITY,2,2013,"1,595",0,"1,595",624,0,624,128,0,128,3.71,0,3.71,3.54,0,3.54,3.33,0,3.33,,,,164,0,164,162,0,162,158,0,158,,,
ARIZONA STATE UNIVERSITY,2,2012,"1,865",0,"1,865",625,0,625,151,0,151,3.82,0,3.82,3.65,0,3.65,3.3,0,3.3,,,,165,0,165,163,0,163,161,0,161,,,
ARIZONA STATE UNIVERSITY,2,2011,"2,334",0,"2,334",664,0,664,168,0,168,0,0,3.77,0,0,3.62,0,0,3.43,,,,0,0,165,0,0,162,0,0,160,,,
"ARIZONA, UNIVERSITY OF",3,2016,"1,392",0,"1,392",480,0,480,102,0,102,3.75,0,3.75,3.57,0,3.57,3.19,0,3.19,1,0,1,163,0,163,161,0,161,155,0,155,18,0,18
"ARIZONA, UNIVERSITY OF",3,2015,"1,337",0,"1,337",435,0,435,101,0,101,3.68,0,3.68,3.51,0,3.51,3.22,0,3.22,1,0,1,162,0,162,160,0,160,155,0,155,4,0,4
"ARIZONA, UNIVERSITY OF",3,2014,"1,234",0,"1,234",482,0,482,104,0,104,3.72,0,3.72,3.57,0,3.57,3.25,0,3.25,0,0,0,163,0,163,161,0,161,156,0,156,1,0,1
"ARIZONA, UNIVERSITY OF",3,2013,"1,243",0,"1,243",501,0,501,105,0,105,3.72,0,3.72,3.57,0,3.57,3.31,0,3.31,,,,163,0,163,160,0,160,155,0,155,,,
"ARIZONA, UNIVERSITY OF",3,2012,"1,372",0,"1,372",547,0,547,109,0,109,3.79,0,3.79,3.52,0,3.52,3.28,0,3.28,,,,162,0,162,161,0,161,159,0,159,,,
"ARIZONA, UNIVERSITY OF",3,2011,"1,530",0,"1,530",552,0,552,137,0,137,3.76,0,3.76,3.54,0,3.54,3.24,0,3.24,,,,163,0,163,161,0,161,158,0,158,,,
BOSTON COLLEGE,4,2016,"4,520",0,"4,520","1,679",0,"1,679",247,0,247,3.65,0,3.65,3.5,0,3.5,3.32,0,3.32,8,0,8,163,0,163,163,0,163,161,0,161,0,0,0
BOSTON COLLEGE,4,2015,"3,631",0,"3,631","1,645",0,"1,645",234,0,234,3.65,0,3.65,3.56,0,3.56,3.39,0,3.39,2,0,2,163,0,163,162,0,162,158,0,158,0,0,0
BOSTON COLLEGE,4,2014,"3,717",0,"3,717","1,633",0,"1,633",230,0,230,3.64,0,3.64,3.52,0,3.52,3.32,0,3.32,6,0,6,164,0,164,162,0,162,159,0,159,0,0,0
BOSTON COLLEGE,4,2013,"4,242",0,"4,242","1,481",0,"1,481",230,0,230,3.69,0,3.69,3.61,0,3.61,3.41,0,3.41,,,,165,0,165,164,0,164,160,0,160,,,
BOSTON COLLEGE,4,2012,"4,774",0,"4,774","1,400",0,"1,400",245,0,245,3.71,0,3.71,3.61,0,3.61,3.4,0,3.4,,,,166,0,166,164,0,164,161,0,161,,,
BOSTON COLLEGE,4,2011,"5,685",0,"5,685","1,366",0,"1,366",268,0,268,3.77,0,3.77,3.66,0,3.66,3.5,0,3.5,,,,166,0,166,165,0,165,162,0,162,,,
BOSTON UNIVERSITY,5,2016,"4,804",0,"4,804","1,409",0,"1,409",257,0,257,3.77,0,3.77,3.68,0,3.68,3.52,0,3.52,1,0,1,165,0,165,164,0,164,161,0,161,0,0,0
BOSTON UNIVERSITY,5,2015,"4,248",0,"4,248","1,609",0,"1,609",236,0,236,3.75,0,3.75,3.67,0,3.67,3.41,0,3.41,5,0,5,164,0,164,163,0,163,160,0,160,0,0,0
BOSTON UNIVERSITY,5,2014,"4,218",0,"4,218","1,655",0,"1,655",208,0,208,3.74,0,3.74,3.66,0,3.66,3.42,0,3.42,6,0,6,165,0,165,163,0,163,160,0,160,0,0,0
BOSTON UNIVERSITY,5,2013,"4,584",0,"4,584","1,582",0,"1,582",220,0,220,3.77,0,3.77,3.67,0,3.67,3.44,0,3.44,,,,166,0,166,165,0,165,161,0,161,,,
BOSTON UNIVERSITY,5,2012,"5,914",0,"5,914","1,802",0,"1,802",210,0,210,3.83,0,3.83,3.75,0,3.75,3.52,0,3.52,,,,167,0,167,166,0,166,162,0,162,,,
BOSTON UNIVERSITY,5,2011,"7,073",0,"7,073","1,396",0,"1,396",242,0,242,3.78,0,3.78,3.72,0,3.72,3.5,0,3.5,,,,167,0,167,167,0,167,163,0,163,,,
BRIGHAM YOUNG UNIVERSITY,6,2016,436,0,436,191,0,191,138,0,138,3.89,0,3.89,3.8,0,3.8,3.55,0,3.55,0,0,0,164,0,164,162,0,162,157,0,157,7,0,7
BRIGHAM YOUNG UNIVERSITY,6,2015,461,0,461,186,0,186,128,0,128,3.86,0,3.86,3.77,0,3.77,3.45,0,3.45,1,0,1,164,0,164,161,0,161,156,0,156,9,0,9
BRIGHAM YOUNG UNIVERSITY,6,2014,523,0,523,190,0,190,126,0,126,3.85,0,3.85,3.77,0,3.77,3.52,0,3.52,0,0,0,164,0,164,162,0,162,156,0,156,2,0,2
BRIGHAM YOUNG UNIVERSITY,6,2013,610,0,610,217,0,217,139,0,139,3.88,0,3.88,3.77,0,3.77,3.46,0,3.46,,,,164,0,164,161,0,161,158,0,158,,,
BRIGHAM YOUNG UNIVERSITY,6,2012,753,0,753,218,0,218,140,0,140,3.85,0,3.85,3.75,0,3.75,3.4,0,3.4,,,,165,0,165,162,0,162,158,0,158,,,
BRIGHAM YOUNG UNIVERSITY,6,2011,755,0,755,207,0,207,145,0,145,3.87,0,3.87,3.74,0,3.74,3.51,0,3.51,,,,167,0,167,163,0,163,160,0,160,,,
"CALIFORNIA-BERKELEY, UNIVERSITY OF",7,2016,"5,336",0,"5,336","1,328",0,"1,328",301,0,301,3.89,0,3.89,3.79,0,3.79,3.65,0,3.65,5,0,5,169,0,169,166,0,166,163,0,163,0,0,0
"CALIFORNIA-BERKELEY, UNIVERSITY OF",7,2015,"5,117",0,"5,117","1,084",0,"1,084",294,0,294,3.9,0,3.9,3.78,0,3.78,3.66,0,3.66,7,0,7,168,0,168,166,0,166,162,0,162,0,0,0
"CALIFORNIA-BERKELEY, UNIVERSITY OF",7,2014,"5,669",0,"5,669","1,145",0,"1,145",274,0,274,3.88,0,3.88,3.79,0,3.79,3.67,0,3.67,6,0,6,169,0,169,167,0,167,164,0,164,0,0,0
"CALIFORNIA-BERKELEY, UNIVERSITY OF",7,2013,"5,885",0,"5,885","1,050",0,"1,050",284,0,284,3.89,0,3.89,3.78,0,3.78,3.66,0,3.66,,,,169,0,169,167,0,167,163,0,163,,,
"CALIFORNIA-BERKELEY, UNIVERSITY OF",7,2012,"7,027",0,"7,027",813,0,813,263,0,263,3.91,0,3.91,3.81,0,3.81,3.68,0,3.68,,,,170,0,170,167,0,167,163,0,163,,,
"CALIFORNIA-BERKELEY, UNIVERSITY OF",7,2011,"7,253",0,"7,253",920,0,920,254,0,254,3.88,0,3.88,3.79,0,3.79,3.62,0,3.62,,,,169,0,169,167,0,167,164,0,164,,,
"CALIFORNIA-DAVIS, UNIVERSITY OF",8,2016,"2,852",0,"2,852",936,0,936,156,0,156,3.72,0,3.72,3.52,0,3.52,3.31,0,3.31,3,0,3,164,0,164,163,0,163,158,0,158,0,0,0
"CALIFORNIA-DAVIS, UNIVERSITY OF",8,2015,"2,996",0,"2,996",932,0,932,180,0,180,3.68,0,3.68,3.51,0,3.51,3.27,0,3.27,6,0,6,165,0,165,163,0,163,159,0,159,0,0,0
"CALIFORNIA-DAVIS, UNIVERSITY OF",8,2014,"3,007",0,"3,007","1,058",0,"1,058",164,0,164,3.75,0,3.75,3.6,0,3.6,3.33,0,3.33,6,0,6,164,0,164,162,0,162,160,0,160,0,0,0
"CALIFORNIA-DAVIS, UNIVERSITY OF",8,2013,"2,420",0,"2,420","1,267",0,"1,267",142,0,142,3.65,0,3.65,3.55,0,3.55,3.31,0,3.31,,,,164,0,164,162,0,162,159,0,159,,,
"CALIFORNIA-DAVIS, UNIVERSITY OF",8,2012,"3,499",0,"3,499","1,259",0,"1,259",189,0,189,3.71,0,3.71,3.6,0,3.6,3.38,0,3.38,,,,165,0,165,163,0,163,160,0,160,,,
"CALIFORNIA-DAVIS, UNIVERSITY OF",8,2011,"3,863",0,"3,863",983,0,983,192,0,192,3.79,0,3.79,3.63,0,3.63,3.47,0,3.47,,,,165,0,165,164,0,164,161,0,161,,,
"CALIFORNIA-IRVINE, UNIVERSITY OF",9,2016,"2,035",0,"2,035",553,0,553,140,0,140,3.68,0,3.68,3.54,0,3.54,3.32,0,3.32,5,0,5,165,0,165,163,0,163,160,0,160,0,0,0
"CALIFORNIA-IRVINE, UNIVERSITY OF",9,2015,"1,554",0,"1,554",412,0,412,123,0,123,3.7,0,3.7,3.56,0,3.56,3.38,0,3.38,6,0,6,165,0,165,162,0,162,161,0,161,0,0,0
"CALIFORNIA-IRVINE, UNIVERSITY OF",9,2014,"1,608",0,"1,608",354,0,354,89,0,89,3.7,0,3.7,3.53,0,3.53,3.27,0,3.27,4,0,4,166,0,166,164,0,164,162,0,162,0,0,0
"CALIFORNIA-IRVINE, UNIVERSITY OF",9,2013,"1,818",0,"1,818",378,0,378,126,0,126,3.71,0,3.71,3.52,0,3.52,3.33,0,3.33,,,,166,0,166,164,0,164,162,0,162,,,
"CALIFORNIA-IRVINE, UNIVERSITY OF",9,2012,"1,900",0,"1,900",399,0,399,119,0,119,3.68,0,3.68,3.51,0,3.51,3.29,0,3.29,,,,167,0,167,165,0,165,162,0,162,,,
"CALIFORNIA-IRVINE, UNIVERSITY OF",9,2011,920,0,920,219,0,219,89,0,89,3.69,0,3.69,3.49,0,3.49,3.25,0,3.25,,,,167,0,167,165,0,165,163,0,163,,,
"CALIFORNIA-LOS ANGELES, UNIVERSITY OF",10,2016,"5,353",0,"5,353","1,498",0,"1,498",290,0,290,3.84,0,3.84,3.74,0,3.74,3.49,0,3.49,4,0,4,168,0,168,167,0,167,163,0,163,0,0,0
"CALIFORNIA-LOS ANGELES, UNIVERSITY OF",10,2015,"5,254",0,"5,254","1,562",0,"1,562",293,0,293,3.86,0,3.86,3.74,0,3.74,3.51,0,3.51,6,0,6,169,0,169,166,0,166,162,0,162,0,0,0
"CALIFORNIA-LOS ANGELES, UNIVERSITY OF",10,2014,"5,383",0,"5,383","1,511",0,"1,511",314,0,314,3.9,0,3.9,3.79,0,3.79,3.56,0,3.56,2,0,2,169,0,169,167,0,167,163,0,163,0,0,0
"CALIFORNIA-LOS ANGELES, UNIVERSITY OF",10,2013,"5,562",0,"5,562","1,566",0,"1,566",293,0,293,3.88,0,3.88,3.79,0,3.79,3.51,0,3.51,,,,169,0,169,167,0,167,162,0,162,,,
"CALIFORNIA-LOS ANGELES, UNIVERSITY OF",10,2012,"6,117",0,"6,117","1,447",0,"1,447",304,0,304,3.89,0,3.89,3.78,0,3.78,3.58,0,3.58,,,,169,0,169,168,0,168,164,0,164,,,
"CALIFORNIA-LOS ANGELES, UNIVERSITY OF",10,2011,"7,328",0,"7,328","1,471",0,"1,471",319,0,319,0,0,3.88,0,0,3.78,0,0,3.55,,,,0,0,169,0,0,168,0,0,164,,,
"CHICAGO, UNIVERSITY OF",11,2016,"4,380",0,"4,380",906,0,906,185,0,185,3.95,0,3.95,3.9,0,3.9,3.73,0,3.73,2,0,2,172,0,172,170,0,170,166,0,166,0,0,0
"CHICAGO, UNIVERSITY OF",11,2015,"4,111",0,"4,111",900,0,900,183,0,183,3.97,0,3.97,3.9,0,3.9,3.69,0,3.69,2,0,2,172,0,172,170,0,170,166,0,166,1,0,1
"CHICAGO, UNIVERSITY OF",11,2014,"4,430",0,"4,430",817,0,817,190,0,190,3.96,0,3.96,3.9,0,3.9,3.79,0,3.79,3,0,3,172,0,172,170,0,170,166,0,166,0,0,0
"CHICAGO, UNIVERSITY OF",11,2013,"4,271",0,"4,271",836,0,836,196,0,196,3.95,0,3.95,3.9,0,3.9,3.67,0,3.67,,,,172,0,172,170,0,170,166,0,166,,,
"CHICAGO, UNIVERSITY OF",11,2012,"4,458",0,"4,458",897,0,897,184,0,184,3.96,0,3.96,3.9,0,3.9,3.65,0,3.65,,,,173,0,173,171,0,171,167,0,167,,,
"CHICAGO, UNIVERSITY OF",11,2011,"4,783",0,"4,783",837,0,837,191,0,191,3.94,0,3.94,3.87,0,3.87,3.71,0,3.71,,,,173,0,173,171,0,171,167,0,167,,,
"COLORADO, UNIVERSITY OF",12,2016,"3,280",0,"3,280","1,124",0,"1,124",170,0,170,3.79,0,3.79,3.69,0,3.69,3.37,0,3.37,0,0,0,164,0,164,162,0,162,156,0,156,0,0,0
"COLORADO, UNIVERSITY OF",12,2015,"2,384",0,"2,384","1,103",0,"1,103",204,0,204,3.77,0,3.77,3.6,0,3.6,3.28,0,3.28,1,0,1,163,0,163,161,0,161,157,0,157,0,0,0
"COLORADO, UNIVERSITY OF",12,2014,"2,174",0,"2,174","1,021",0,"1,021",166,0,166,3.76,0,3.76,3.62,0,3.62,3.34,0,3.34,1,0,1,163,0,163,161,0,161,156,0,156,0,0,0
"COLORADO, UNIVERSITY OF",12,2013,"2,313",0,"2,313",882,0,882,184,0,184,3.73,0,3.73,3.58,0,3.58,3.29,0,3.29,,,,164,0,164,162,0,162,158,0,158,,,
"COLORADO, UNIVERSITY OF",12,2012,"2,802",0,"2,802",953,0,953,152,0,152,3.79,0,3.79,3.65,0,3.65,3.35,0,3.35,,,,166,0,166,164,0,164,159,0,159,,,
"COLORADO, UNIVERSITY OF",12,2011,"3,175",0,"3,175",956,0,956,163,0,163,3.8,0,3.8,3.64,0,3.64,3.33,0,3.33,,,,165,0,165,164,0,164,158,0,158,,,
COLUMBIA UNIVERSITY,13,2016,"5,877",0,"5,877","1,224",0,"1,224",391,0,391,3.81,0,3.81,3.7,0,3.7,3.56,0,3.56,11,0,11,174,0,174,172,0,172,168,0,168,0,0,0
COLUMBIA UNIVERSITY,13,2015,"5,716",0,"5,716","1,251",0,"1,251",388,0,388,3.81,0,3.81,3.7,0,3.7,3.59,0,3.59,10,0,10,173,0,173,171,0,171,168,0,168,0,0,0
COLUMBIA UNIVERSITY,13,2014,"6,188",0,"6,188","1,205",0,"1,205",381,0,381,3.81,0,3.81,3.71,0,3.71,3.58,0,3.58,5,0,5,174,0,174,172,0,172,170,0,170,0,0,0
COLUMBIA UNIVERSITY,13,2013,"5,797",0,"5,797","1,236",0,"1,236",352,0,352,3.81,0,3.81,3.7,0,3.7,3.54,0,3.54,,,,173,0,173,171,0,171,169,0,169,,,
COLUMBIA UNIVERSITY,13,2012,"6,592",0,"6,592","1,214",0,"1,214",366,0,366,3.82,0,3.82,3.71,0,3.71,3.58,0,3.58,,,,174,0,174,172,0,172,170,0,170,,,
COLUMBIA UNIVERSITY,13,2011,"7,459",0,"7,459","1,175",0,"1,175",406,0,406,3.82,0,3.82,3.72,0,3.72,3.6,0,3.6,,,,175,0,175,172,0,172,170,0,170,,,
CORNELL UNIVERSITY,14,2016,"4,101",0,"4,101",987,0,987,194,0,194,3.81,0,3.81,3.73,0,3.73,3.6,0,3.6,22,0,22,168,0,168,167,0,167,163,0,163,1,0,1
CORNELL UNIVERSITY,14,2015,"3,899",0,"3,899","1,192",0,"1,192",203,0,203,3.82,0,3.82,3.74,0,3.74,3.62,0,3.62,15,0,15,168,0,168,167,0,167,164,0,164,0,0,0
CORNELL UNIVERSITY,14,2014,"4,006",0,"4,006","1,214",0,"1,214",203,0,203,3.76,0,3.76,3.68,0,3.68,3.55,0,3.55,12,0,12,169,0,169,167,0,167,166,0,166,0,0,0
CORNELL UNIVERSITY,14,2013,"4,096",0,"4,096","1,226",0,"1,226",193,0,193,3.73,0,3.73,3.66,0,3.66,3.52,0,3.52,,,,167,0,167,167,0,167,165,0,165,,,
CORNELL UNIVERSITY,14,2012,"4,054",0,"4,054","1,181",0,"1,181",191,0,191,3.77,0,3.77,3.68,0,3.68,3.54,0,3.54,,,,169,0,169,167,0,167,166,0,166,,,
CORNELL UNIVERSITY,14,2011,"5,556",0,"5,556","1,152",0,"1,152",204,0,204,3.77,0,3.77,3.63,0,3.63,3.5,0,3.5,,,,169,0,169,168,0,168,166,0,166,,,
DUKE UNIVERSITY,15,2016,"5,095",0,"5,095","1,027",0,"1,027",221,0,221,3.84,0,3.84,3.76,0,3.76,3.59,0,3.59,4,0,4,170,0,170,169,0,169,167,0,167,0,0,0
DUKE UNIVERSITY,15,2015,"4,819",0,"4,819","1,122",0,"1,122",225,0,225,3.84,0,3.84,3.76,0,3.76,3.56,0,3.56,4,0,4,170,0,170,169,0,169,166,0,166,0,0,0
DUKE UNIVERSITY,15,2014,"5,358",0,"5,358","1,122",0,"1,122",221,0,221,3.85,0,3.85,3.77,0,3.77,3.66,0,3.66,5,0,5,170,0,170,169,0,169,166,0,166,0,0,0
DUKE UNIVERSITY,15,2013,"5,014",0,"5,014",954,0,954,209,0,209,3.84,0,3.84,3.77,0,3.77,3.59,0,3.59,,,,170,0,170,169,0,169,165,0,165,,,
DUKE UNIVERSITY,15,2012,"4,963",0,"4,963",949,0,949,209,0,209,3.85,0,3.85,3.76,0,3.76,3.58,0,3.58,,,,170,0,170,169,0,169,166,0,166,,,
DUKE UNIVERSITY,15,2011,"6,099",0,"6,099",934,0,934,211,0,211,3.84,0,3.84,3.75,0,3.75,3.62,0,3.62,,,,171,0,171,170,0,170,167,0,167,,,
EMORY UNIVERSITY,16,2016,"4,016",0,"4,016","1,482",0,"1,482",261,0,261,3.87,0,3.87,3.78,0,3.78,3.4,0,3.4,19,0,19,166,0,166,165,0,165,157,0,157,0,0,0
EMORY UNIVERSITY,16,2015,"3,921",0,"3,921","1,255",0,"1,255",234,0,234,3.88,0,3.88,3.77,0,3.77,3.45,0,3.45,9,0,9,166,0,166,165,0,165,156,0,156,0,0,0
EMORY UNIVERSITY,16,2014,"3,637",0,"3,637","1,338",0,"1,338",223,0,223,3.85,0,3.85,3.75,0,3.75,3.3,0,3.3,3,0,3,166,0,166,165,0,165,158,0,158,0,0,0
EMORY UNIVERSITY,16,2013,"3,876",0,"3,876","1,241",0,"1,241",231,0,231,3.84,0,3.84,3.75,0,3.75,3.38,0,3.38,,,,166,0,166,165,0,165,157,0,157,,,
EMORY UNIVERSITY,16,2012,"3,943",0,"3,943","1,229",0,"1,229",253,0,253,3.82,0,3.82,3.7,0,3.7,3.35,0,3.35,,,,166,0,166,165,0,165,161,0,161,,,
EMORY UNIVERSITY,16,2011,"3,951",0,"3,951","1,287",0,"1,287",246,0,246,3.79,0,3.79,3.7,0,3.7,3.4,0,3.4,,,,166,0,166,165,0,165,159,0,159,,,
FLORIDA STATE UNIVERSITY,17,2016,"1,855",0,"1,855",637,0,637,153,0,153,3.72,0,3.72,3.52,0,3.52,3.32,0,3.32,2,0,2,160,0,160,159,0,159,157,0,157,0,0,0
FLORIDA STATE UNIVERSITY,17,2015,"1,926",0,"1,926",846,0,846,175,0,175,3.67,0,3.67,3.52,0,3.52,3.26,0,3.26,2,0,2,161,0,161,158,0,158,156,0,156,0,0,0
FLORIDA STATE UNIVERSITY,17,2014,"1,916",0,"1,916",789,0,789,188,0,188,3.64,0,3.64,3.43,0,3.43,3.22,0,3.22,2,0,2,161,0,161,159,0,159,156,0,156,0,0,0
FLORIDA STATE UNIVERSITY,17,2013,"2,022",0,"2,022",848,0,848,170,0,170,3.72,0,3.72,3.51,0,3.51,3.27,0,3.27,,,,161,0,161,159,0,159,157,0,157,,,
FLORIDA STATE UNIVERSITY,17,2012,"2,499",0,"2,499",834,0,834,187,0,187,3.72,0,3.72,3.54,0,3.54,3.29,0,3.29,,,,162,0,162,160,0,160,157,0,157,,,
FLORIDA STATE UNIVERSITY,17,2011,"2,650",0,"2,650",716,0,716,200,0,200,3.68,0,3.68,3.47,0,3.47,3.18,0,3.18,,,,163,0,163,162,0,162,160,0,160,,,
"FLORIDA, UNIVERSITY OF",18,2016,"2,703",0,"2,703",962,0,962,314,0,314,3.77,0,3.77,3.6,0,3.6,3.33,0,3.33,3,0,3,161,0,161,160,0,160,156,0,156,1,0,1
"FLORIDA, UNIVERSITY OF",18,2015,"1,359",0,"1,359",840,0,840,310,0,310,3.68,0,3.68,3.5,0,3.5,3.28,0,3.28,2,0,2,160,0,160,157,0,157,155,0,155,0,0,0
"FLORIDA, UNIVERSITY OF",18,2014,"1,369",0,"1,369",839,0,839,307,0,307,3.68,0,3.68,3.5,0,3.5,3.26,0,3.26,3,0,3,161,0,161,158,0,158,155,0,155,0,0,0
"FLORIDA, UNIVERSITY OF",18,2013,"1,713",0,"1,713",863,0,863,314,0,314,3.76,0,3.76,3.55,0,3.55,3.31,0,3.31,,,,162,0,162,160,0,160,156,0,156,,,
"FLORIDA, UNIVERSITY OF",18,2012,"2,686",0,"2,686",897,0,897,284,0,284,3.73,0,3.73,3.59,0,3.59,3.33,0,3.33,,,,164,0,164,161,0,161,160,0,160,,,
"FLORIDA, UNIVERSITY OF",18,2011,"3,024",0,"3,024",875,0,875,295,0,295,3.82,0,3.82,3.64,0,3.64,3.43,0,3.43,,,,164,0,164,162,0,162,160,0,160,,,
FORDHAM UNIVERSITY,19,2016,"4,251",386,"4,637","1,623",109,"1,732",355,44,399,3.68,3.62,3.67,3.53,3.47,3.53,3.38,3.3,3.37,12,2,14,165,164,165,163,158,163,160,156,159,0,0,0
FORDHAM UNIVERSITY,19,2015,"4,075",497,"4,572","1,479",128,"1,607",312,61,373,3.68,3.72,3.69,3.53,3.53,3.53,3.35,3.3,3.35,10,5,15,165,162,165,163,159,163,161,157,160,0,0,0
FORDHAM UNIVERSITY,19,2014,"4,146",499,"4,645","1,527",121,"1,648",304,63,367,3.68,3.7,3.68,3.54,3.52,3.54,3.35,3.35,3.35,11,1,12,165,163,165,163,161,163,161,157,160,0,0,0
FORDHAM UNIVERSITY,19,2013,"4,487",580,"5,067","1,750",168,"1,918",321,77,398,3.68,3.69,3.68,3.53,3.46,3.52,3.37,3.16,3.32,,,,165,162,165,163,160,163,162,158,161,,,
FORDHAM UNIVERSITY,19,2012,"5,644",872,"6,516","1,897",159,"2,056",359,74,433,3.68,3.67,3.68,3.54,3.45,3.52,3.36,3.26,3.34,,,,166,165,166,165,162,164,162,160,162,,,
FORDHAM UNIVERSITY,19,2011,"6,431","1,120","7,551","1,833",166,"1,999",399,80,479,3.71,3.71,3.71,3.53,3.52,3.53,3.35,3.39,3.36,,,,167,165,167,165,163,165,163,160,163,,,
GEORGE MASON UNIVERSITY,20,2016,"2,079",508,"2,587",542,73,615,136,43,179,3.75,3.69,3.73,3.66,3.58,3.66,3.35,3.28,3.32,3,6,9,164,163,164,162,159,162,158,157,158,0,0,0
GEORGE MASON UNIVERSITY,20,2015,"1,798",494,"2,292",614,104,718,113,44,157,3.68,3.7,3.68,3.59,3.57,3.59,3.15,3.11,3.15,3,1,4,162,162,162,161,160,161,155,157,156,0,0,0
GEORGE MASON UNIVERSITY,20,2014,"1,930",513,"2,443",739,84,823,117,44,161,3.71,3.64,3.69,3.62,3.38,3.6,3.27,2.98,3.19,1,2,3,162,163,163,160,161,161,155,158,156,0,0,0
GEORGE MASON UNIVERSITY,20,2013,"1,914",546,"2,460",689,78,767,114,35,149,3.74,3.69,3.71,3.52,3.59,3.55,3.17,2.93,3.17,,,,163,163,163,161,161,161,156,157,157,,,
GEORGE MASON UNIVERSITY,20,2012,"3,481","1,029","4,510",993,80,"1,073",118,29,147,3.79,3.75,3.79,3.71,3.37,3.7,3.31,3,3.27,,,,164,165,164,162,163,163,156,160,158,,,
GEORGE MASON UNIVERSITY,20,2011,"4,092","1,262","5,354",996,75,"1,071",154,32,186,3.78,3.76,3.78,3.73,3.59,3.72,3.27,3.14,3.24,,,,165,165,165,163,164,164,157,155,157,,,
GEORGE WASHINGTON UNIVERSITY,21,2016,"6,438",505,"6,943","2,585",117,"2,702",423,35,458,3.8,3.87,3.81,3.7,3.75,3.71,3.35,3.39,3.35,34,4,38,166,163,166,165,156,165,159,152,158,6,0,6
GEORGE WASHINGTON UNIVERSITY,21,2015,"6,160",550,"6,710","2,546",119,"2,665",432,39,471,3.79,3.86,3.8,3.68,3.74,3.71,3.36,3.59,3.38,10,1,11,166,165,166,165,157,165,159,152,158,0,0,0
GEORGE WASHINGTON UNIVERSITY,21,2014,"5,549",403,"5,952","2,572",118,"2,690",504,35,539,3.81,3.74,3.8,3.71,3.7,3.71,3.43,3.25,3.42,24,0,24,166,165,166,165,159,165,160,150,159,0,0,0
GEORGE WASHINGTON UNIVERSITY,21,2013,"6,005",538,"6,543","2,615",103,"2,718",433,48,481,3.82,3.84,3.82,3.71,3.7,3.71,3.41,3.53,3.42,,,,167,165,167,165,160,165,160,154,159,,,
GEORGE WASHINGTON UNIVERSITY,21,2012,"6,597",630,"7,227","2,031",113,"2,144",342,56,398,3.78,3.73,3.78,3.6,3.57,3.6,3.31,3.32,3.32,,,,168,168,168,167,166,167,162,160,161,,,
GEORGE WASHINGTON UNIVERSITY,21,2011,"7,846",806,"8,652","2,255",100,"2,355",435,39,474,3.9,3.91,3.9,3.82,3.57,3.82,3.44,3.15,3.43,,,,168,168,168,167,167,167,162,159,161,,,
GEORGETOWN UNIVERSITY,22,2016,"8,481","1,381","9,862","2,240",80,"2,320",526,50,576,3.86,3.85,3.86,3.77,3.69,3.77,3.53,3.39,3.52,18,1,19,168,168,168,167,164,167,162,157,162,5,1,6
GEORGETOWN UNIVERSITY,22,2015,"7,748","1,509","9,257","2,193",77,"2,270",529,47,576,3.85,3.83,3.85,3.76,3.7,3.76,3.47,3.45,3.47,30,3,33,168,167,168,167,164,167,162,160,161,6,0,6
GEORGETOWN UNIVERSITY,22,2014,"7,793","1,575","9,368","2,268",77,"2,345",534,46,580,3.84,3.77,3.84,3.76,3.59,3.75,3.51,3.32,3.48,23,3,26,168,168,168,167,164,167,163,160,163,2,0,2
GEORGETOWN UNIVERSITY,22,2013,"7,257","1,701","8,958","2,277",76,"2,353",498,46,544,3.83,3.86,3.83,3.74,3.78,3.74,3.49,3.53,3.49,,,,169,165,169,168,163,168,164,158,163,,,
GEORGETOWN UNIVERSITY,22,2012,"7,638","1,897","9,535","2,203",93,"2,296",519,56,575,3.82,3.74,3.82,3.73,3.59,3.72,3.43,3.22,3.43,,,,170,170,170,169,167,169,165,163,165,,,
GEORGETOWN UNIVERSITY,22,2011,"9,413","1,781","11,194","2,542",139,"2,681",510,69,579,3.8,3.8,3.8,3.71,3.7,3.71,3.44,3.37,3.44,,,,171,170,171,170,167,170,167,163,167,,,
"GEORGIA, UNIVERSITY OF",23,2016,"2,225",0,"2,225",657,0,657,178,0,178,3.86,0,3.86,3.73,0,3.73,3.47,0,3.47,1,0,1,163,0,163,162,0,162,158,0,158,15,0,15
"GEORGIA, UNIVERSITY OF",23,2015,"2,078",0,"2,078",685,0,685,189,0,189,3.83,0,3.83,3.71,0,3.71,3.36,0,3.36,4,0,4,164,0,164,162,0,162,156,0,156,3,0,3
"GEORGIA, UNIVERSITY OF",23,2014,"2,068",0,"2,068",634,0,634,185,0,185,3.8,0,3.8,3.7,0,3.7,3.42,0,3.42,1,0,1,164,0,164,163,0,163,158,0,158,0,0,0
"GEORGIA, UNIVERSITY OF",23,2013,"2,135",0,"2,135",711,0,711,199,0,199,3.81,0,3.81,3.69,0,3.69,3.33,0,3.33,,,,164,0,164,163,0,163,158,0,158,,,
"GEORGIA, UNIVERSITY OF",23,2012,"2,461",0,"2,461",792,0,792,188,0,188,3.82,0,3.82,3.65,0,3.65,3.33,0,3.33,,,,165,0,165,164,0,164,158,0,158,,,
"GEORGIA, UNIVERSITY OF",23,2011,"3,186",0,"3,186",814,0,814,225,0,225,3.76,0,3.76,3.59,0,3.59,3.3,0,3.3,,,,166,0,166,165,0,165,162,0,162,,,
HARVARD UNIVERSITY,24,2016,"5,454",0,"5,454",908,0,908,563,0,563,3.94,0,3.94,3.86,0,3.86,3.76,0,3.76,26,-537,26,175,0,175,172,0,172,170,0,170,0,-563,0
HARVARD UNIVERSITY,24,2015,"5,207",0,"5,207",931,0,931,562,0,562,3.96,0,3.96,3.86,0,3.86,3.75,0,3.75,28,0,28,175,0,175,173,0,173,170,0,170,0,0,0
HARVARD UNIVERSITY,24,2014,"5,943",0,"5,943",918,0,918,563,0,563,3.95,0,3.95,3.87,0,3.87,3.75,0,3.75,10,0,10,175,0,175,173,0,173,170,0,170,1,0,1
HARVARD UNIVERSITY,24,2013,"5,485",0,"5,485",858,0,858,568,0,568,3.95,0,3.95,3.88,0,3.88,3.77,0,3.77,,,,175,0,175,173,0,173,170,0,170,,,
HARVARD UNIVERSITY,24,2012,"5,388",0,"5,388",865,0,865,555,0,555,3.95,0,3.95,3.88,0,3.88,3.77,0,3.77,,,,175,0,175,173,0,173,170,0,170,,,
HARVARD UNIVERSITY,24,2011,"6,335",0,"6,335",842,0,842,559,0,559,3.97,0,3.97,3.89,0,3.89,3.78,0,3.78,,,,176,0,176,173,0,173,171,0,171,,,
"ILLINOIS, UNIVERSITY OF",25,2016,"1,236",0,"1,236",565,0,565,137,0,137,3.7,0,3.7,3.59,0,3.59,3.32,0,3.32,2,0,2,162,0,162,160,0,160,154,0,154,0,0,0
"ILLINOIS, UNIVERSITY OF",25,2015,"1,369",0,"1,369",625,0,625,162,0,162,3.68,0,3.68,3.51,0,3.51,3.26,0,3.26,13,0,13,163,0,163,161,0,161,158,0,158,0,0,0
"ILLINOIS, UNIVERSITY OF",25,2014,"1,462",0,"1,462",612,0,612,157,0,157,3.63,0,3.63,3.43,0,3.43,3.15,0,3.15,14,0,14,163,0,163,161,0,161,158,0,158,1,0,1
"ILLINOIS, UNIVERSITY OF",25,2013,"2,121",0,"2,121",964,0,964,170,0,170,3.72,0,3.72,3.56,0,3.56,3.26,0,3.26,,,,163,0,163,160,0,160,157,0,157,,,
"ILLINOIS, UNIVERSITY OF",25,2012,"2,699",0,"2,699","1,167",0,"1,167",198,0,198,3.73,0,3.73,3.55,0,3.55,3.23,0,3.23,,,,165,0,165,163,0,163,158,0,158,,,
"ILLINOIS, UNIVERSITY OF",25,2011,"4,219",0,"4,219",853,0,853,184,0,184,3.85,0,3.85,3.7,0,3.7,3.38,0,3.38,,,,168,0,168,163,0,163,156,0,156,,,
INDIANA UNIVERSITY - BLOOMINGTON,26,2016,"1,633",0,"1,633",680,0,680,178,0,178,3.82,0,3.82,3.71,0,3.71,3.36,0,3.36,7,0,7,163,0,163,161,0,161,153,0,153,4,0,4
INDIANA UNIVERSITY - BLOOMINGTON,26,2015,"1,433",0,"1,433",761,0,761,153,0,153,3.87,0,3.87,3.76,0,3.76,3.31,0,3.31,5,0,5,162,0,162,161,0,161,155,0,155,11,0,11
INDIANA UNIVERSITY - BLOOMINGTON,26,2014,"1,812",0,"1,812","1,121",0,"1,121",183,0,183,3.88,0,3.88,3.72,0,3.72,3.32,0,3.32,10,0,10,163,0,163,161,0,161,154,0,154,6,0,6
INDIANA UNIVERSITY - BLOOMINGTON,26,2013,"1,852",0,"1,852",975,0,975,205,0,205,3.9,0,3.9,3.8,0,3.8,3.39,0,3.39,,,,164,0,164,162,0,162,154,0,154,,,
INDIANA UNIVERSITY - BLOOMINGTON,26,2012,"2,364",0,"2,364","1,084",0,"1,084",201,0,201,3.89,0,3.89,3.8,0,3.8,3.39,0,3.39,,,,166,0,166,164,0,164,156,0,156,,,
INDIANA UNIVERSITY - BLOOMINGTON,26,2011,"2,751",0,"2,751",925,0,925,240,0,240,3.89,0,3.89,3.75,0,3.75,3.38,0,3.38,,,,167,0,167,166,0,166,158,0,158,,,
"IOWA, UNIVERSITY OF",27,2016,"1,214",0,"1,214",555,0,555,135,0,135,3.79,0,3.79,3.61,0,3.61,3.44,0,3.44,7,0,7,163,0,163,161,0,161,157,0,157,2,0,2
"IOWA, UNIVERSITY OF",27,2015,"1,214",0,"1,214",528,0,528,141,0,141,3.79,0,3.79,3.61,0,3.61,3.44,0,3.44,2,0,2,162,0,162,161,0,161,156,0,156,1,0,1
"IOWA, UNIVERSITY OF",27,2014,"1,483",0,"1,483",612,0,612,141,0,141,3.77,0,3.77,3.64,0,3.64,3.51,0,3.51,0,0,0,162,0,162,160,0,160,157,0,157,0,0,0
"IOWA, UNIVERSITY OF",27,2013,792,0,792,412,0,412,93,0,93,3.72,0,3.72,3.59,0,3.59,3.42,0,3.42,,,,163,0,163,161,0,161,158,0,158,,,
"IOWA, UNIVERSITY OF",27,2012,"1,463",0,"1,463",713,0,713,155,0,155,3.79,0,3.79,3.64,0,3.64,3.46,0,3.46,,,,164,0,164,162,0,162,158,0,158,,,
"IOWA, UNIVERSITY OF",27,2011,"1,872",0,"1,872",729,0,729,180,0,180,3.81,0,3.81,3.64,0,3.64,3.51,0,3.51,,,,164,0,164,161,0,161,158,0,158,,,
"MARYLAND, UNIVERSITY OF",28,2016,"1,536",190,"1,726",842,63,905,165,33,198,3.66,3.52,3.64,3.51,3.36,3.47,3.3,3.05,3.26,2,1,3,159,161,159,158,158,158,155,154,154,0,0,0
"MARYLAND, UNIVERSITY OF",28,2015,"1,727",226,"1,953",986,63,"1,049",175,29,204,3.65,3.54,3.63,3.48,3.38,3.46,3.25,3.23,3.25,4,0,4,160,159,160,157,155,157,154,152,154,0,0,0
"MARYLAND, UNIVERSITY OF",28,2014,"2,011",263,"2,274",994,64,"1,058",170,26,196,3.68,3.64,3.68,3.5,3.51,3.5,3.26,3.22,3.24,7,1,8,162,162,162,159,159,159,154,156,155,0,0,0
"MARYLAND, UNIVERSITY OF",28,2013,"2,440",315,"2,755","1,136",78,"1,214",173,33,206,3.7,3.67,3.7,3.53,3.57,3.53,3.25,3.32,3.3,,,,162,161,162,160,154,159,155,150,154,,,
"MARYLAND, UNIVERSITY OF",28,2012,"3,068",438,"3,506",833,101,934,219,45,264,3.76,3.83,3.77,3.65,3.68,3.65,3.33,3.28,3.32,,,,164,163,164,162,157,162,152,149,151,,,
"MARYLAND, UNIVERSITY OF",28,2011,"3,504",490,"3,994",712,76,788,225,51,276,3.71,3.83,3.75,3.53,3.71,3.6,3.31,3.3,3.31,,,,163,162,163,162,157,162,156,153,156,,,
"MICHIGAN, UNIVERSITY OF",29,2016,"5,076",0,"5,076","1,205",0,"1,205",305,0,305,3.87,0,3.87,3.78,0,3.78,3.56,0,3.56,7,0,7,169,0,169,168,0,168,164,0,164,0,0,0
"MICHIGAN, UNIVERSITY OF",29,2015,"4,335",0,"4,335","1,213",0,"1,213",267,0,267,3.87,0,3.87,3.76,0,3.76,3.54,0,3.54,9,0,9,169,0,169,168,0,168,164,0,164,0,0,0
"MICHIGAN, UNIVERSITY OF",29,2014,"4,751",0,"4,751","1,279",0,"1,279",318,0,318,3.83,0,3.83,3.74,0,3.74,3.57,0,3.57,10,0,10,169,0,169,168,0,168,165,0,165,0,0,0
"MICHIGAN, UNIVERSITY OF",29,2013,"4,875",0,"4,875","1,318",0,"1,318",315,0,315,3.82,0,3.82,3.71,0,3.71,3.52,0,3.52,,,,170,0,170,168,0,168,165,0,165,,,
"MICHIGAN, UNIVERSITY OF",29,2012,"5,062",0,"5,062","1,238",0,"1,238",344,0,344,3.83,0,3.83,3.73,0,3.73,3.57,0,3.57,,,,170,0,170,169,0,169,166,0,166,,,
"MICHIGAN, UNIVERSITY OF",29,2011,"5,424",0,"5,424","1,162",0,"1,162",359,0,359,3.87,0,3.87,3.76,0,3.76,3.59,0,3.59,,,,170,0,170,169,0,169,167,0,167,,,
"MINNESOTA, UNIVERSITY OF",30,2016,"1,960",0,"1,960",873,0,873,176,0,176,3.87,0,3.87,3.76,0,3.76,3.48,0,3.48,12,0,12,166,0,166,164,0,164,159,0,159,3,0,3
"MINNESOTA, UNIVERSITY OF",30,2015,"1,978",0,"1,978",879,0,879,174,0,174,3.9,0,3.9,3.79,0,3.79,3.48,0,3.48,20,0,20,166,0,166,164,0,164,158,0,158,1,0,1
"MINNESOTA, UNIVERSITY OF",30,2014,"2,195",0,"2,195",910,0,910,193,0,193,3.85,0,3.85,3.77,0,3.77,3.42,0,3.42,27,0,27,166,0,166,164,0,164,157,0,157,15,0,15
"MINNESOTA, UNIVERSITY OF",30,2013,"2,946",0,"2,946",907,0,907,221,0,221,3.9,0,3.9,3.79,0,3.79,3.43,0,3.43,,,,167,0,167,164,0,164,156,0,156,,,
"MINNESOTA, UNIVERSITY OF",30,2012,"3,225",0,"3,225",747,0,747,205,0,205,3.89,0,3.89,3.8,0,3.8,3.36,0,3.36,,,,168,0,168,167,0,167,158,0,158,,,
"MINNESOTA, UNIVERSITY OF",30,2011,"3,546",0,"3,546",880,0,880,246,0,246,3.9,0,3.9,3.8,0,3.8,3.41,0,3.41,,,,167,0,167,167,0,167,157,0,157,,,
NEW YORK UNIVERSITY,31,2016,"6,245",0,"6,245","1,858",0,"1,858",431,0,431,3.89,0,3.89,3.81,0,3.81,3.65,0,3.65,5,0,5,171,0,171,169,0,169,166,0,166,0,0,0
NEW YORK UNIVERSITY,31,2015,"5,716",0,"5,716","1,892",0,"1,892",426,0,426,3.87,0,3.87,3.78,0,3.78,3.61,0,3.61,12,0,12,171,0,171,169,0,169,166,0,166,0,0,0
NEW YORK UNIVERSITY,31,2014,"6,193",0,"6,193","1,866",0,"1,866",452,0,452,3.87,0,3.87,3.75,0,3.75,3.56,0,3.56,5,0,5,172,0,172,170,0,170,167,0,167,0,0,0
NEW YORK UNIVERSITY,31,2013,"5,730",0,"5,730","1,800",0,"1,800",437,0,437,3.85,0,3.85,3.72,0,3.72,3.57,0,3.57,,,,172,0,172,170,0,170,168,0,168,,,
NEW YORK UNIVERSITY,31,2012,"6,392",0,"6,392","1,783",0,"1,783",451,0,451,3.84,0,3.84,3.69,0,3.69,3.54,0,3.54,,,,173,0,173,171,0,171,169,0,169,,,
NEW YORK UNIVERSITY,31,2011,"7,280",0,"7,280","1,759",0,"1,759",450,0,450,3.85,0,3.85,3.71,0,3.71,3.57,0,3.57,,,,174,0,174,172,0,172,170,0,170,,,
"NORTH CAROLINA, UNIVERSITY OF",32,2016,"1,371",0,"1,371",605,0,605,214,0,214,3.7,0,3.7,3.51,0,3.51,3.31,0,3.31,3,0,3,163,0,163,161,0,161,158,0,158,0,0,0
"NORTH CAROLINA, UNIVERSITY OF",32,2015,"1,442",0,"1,442",643,0,643,224,0,224,3.68,0,3.68,3.49,0,3.49,3.31,0,3.31,1,0,1,164,0,164,161,0,161,160,0,160,0,0,0
"NORTH CAROLINA, UNIVERSITY OF",32,2014,"1,567",0,"1,567",632,0,632,201,0,201,3.66,0,3.66,3.48,0,3.48,3.33,0,3.33,2,0,2,163,0,163,161,0,161,157,0,157,0,0,0
"NORTH CAROLINA, UNIVERSITY OF",32,2013,"1,485",0,"1,485",664,0,664,237,0,237,3.68,0,3.68,3.5,0,3.5,3.27,0,3.27,,,,163,0,163,161,0,161,159,0,159,,,
"NORTH CAROLINA, UNIVERSITY OF",32,2012,"2,361",0,"2,361",682,0,682,238,0,238,3.69,0,3.69,3.51,0,3.51,3.33,0,3.33,,,,164,0,164,162,0,162,160,0,160,,,
"NORTH CAROLINA, UNIVERSITY OF",32,2011,"2,576",0,"2,576",462,0,462,248,0,248,3.69,0,3.69,3.51,0,3.51,3.33,0,3.33,,,,165,0,165,163,0,163,161,0,161,,,
NORTHWESTERN UNIVERSITY,33,2016,"4,625",0,"4,625",823,0,823,215,0,215,3.89,0,3.89,3.81,0,3.81,3.43,0,3.43,16,0,16,170,0,170,168,0,168,163,0,163,15,0,15
NORTHWESTERN UNIVERSITY,33,2015,"4,079",0,"4,079",921,0,921,213,0,213,3.85,0,3.85,3.77,0,3.77,3.56,0,3.56,17,0,17,169,0,169,168,0,168,163,0,163,16,0,16
NORTHWESTERN UNIVERSITY,33,2014,"4,036",0,"4,036",996,0,996,242,0,242,3.83,0,3.83,3.75,0,3.75,3.53,0,3.53,8,0,8,170,0,170,168,0,168,162,0,162,14,0,14
NORTHWESTERN UNIVERSITY,33,2013,"3,952",0,"3,952","1,039",0,"1,039",229,0,229,3.82,0,3.82,3.75,0,3.75,3.3,0,3.3,,,,171,0,171,168,0,168,161,0,161,,,
NORTHWESTERN UNIVERSITY,33,2012,"4,390",0,"4,390","1,040",0,"1,040",259,0,259,3.84,0,3.84,3.75,0,3.75,3.38,0,3.38,,,,171,0,171,170,0,170,164,0,164,,,
NORTHWESTERN UNIVERSITY,33,2011,"4,548",0,"4,548",864,0,864,264,0,264,3.85,0,3.85,3.75,0,3.75,3.35,0,3.35,,,,171,0,171,170,0,170,165,0,165,,,
"NOTRE DAME, UNIVERSITY OF",34,2016,"2,612",0,"2,612",791,0,791,187,0,187,3.82,0,3.82,3.71,0,3.71,3.41,0,3.41,0,0,0,165,0,165,164,0,164,158,0,158,0,0,0
"NOTRE DAME, UNIVERSITY OF",34,2015,"2,466",0,"2,466",864,0,864,200,0,200,3.79,0,3.79,3.66,0,3.66,3.47,0,3.47,0,0,0,165,0,165,164,0,164,161,0,161,0,0,0
"NOTRE DAME, UNIVERSITY OF",34,2014,"2,416",0,"2,416",896,0,896,200,0,200,3.78,0,3.78,3.64,0,3.64,3.44,0,3.44,1,0,1,165,0,165,163,0,163,160,0,160,0,0,0
"NOTRE DAME, UNIVERSITY OF",34,2013,"2,614",0,"2,614",734,0,734,162,0,162,3.75,0,3.75,3.6,0,3.6,3.39,0,3.39,,,,165,0,165,163,0,163,160,0,160,,,
"NOTRE DAME, UNIVERSITY OF",34,2012,"2,852",0,"2,852",676,0,676,177,0,177,3.8,0,3.8,3.66,0,3.66,3.43,0,3.43,,,,167,0,167,166,0,166,161,0,161,,,
"NOTRE DAME, UNIVERSITY OF",34,2011,"3,059",0,"3,059",640,0,640,183,0,183,3.74,0,3.74,3.64,0,3.64,3.45,0,3.45,,,,167,0,167,166,0,166,162,0,162,,,
OHIO STATE UNIVERSITY,35,2016,"1,574",0,"1,574",771,0,771,166,0,166,3.79,0,3.79,3.61,0,3.61,3.43,0,3.43,4,0,4,161,0,161,159,0,159,156,0,156,1,0,1
OHIO STATE UNIVERSITY,35,2015,"1,621",0,"1,621",805,0,805,177,0,177,3.81,0,3.81,3.61,0,3.61,3.44,0,3.44,1,0,1,161,0,161,159,0,159,156,0,156,0,0,0
OHIO STATE UNIVERSITY,35,2014,"1,392",0,"1,392",691,0,691,167,0,167,3.78,0,3.78,3.6,0,3.6,3.44,0,3.44,2,0,2,162,0,162,159,0,159,156,0,156,0,0,0
OHIO STATE UNIVERSITY,35,2013,"1,512",0,"1,512",687,0,687,178,0,178,3.81,0,3.81,3.65,0,3.65,3.49,0,3.49,,,,162,0,162,160,0,160,157,0,157,,,
OHIO STATE UNIVERSITY,35,2012,"1,853",0,"1,853",873,0,873,173,0,173,3.79,0,3.79,3.64,0,3.64,3.43,0,3.43,,,,164,0,164,162,0,162,158,0,158,,,
OHIO STATE UNIVERSITY,35,2011,"2,300",0,"2,300",898,0,898,211,0,211,3.81,0,3.81,3.63,0,3.63,3.45,0,3.45,,,,165,0,165,163,0,163,159,0,159,,,
"PENNSYLVANIA, UNIVERSITY OF",36,2016,"5,593",0,"5,593",951,0,951,242,0,242,3.95,0,3.95,3.9,0,3.9,3.57,0,3.57,0,0,0,170,0,170,169,0,169,163,0,163,0,0,0
"PENNSYLVANIA, UNIVERSITY OF",36,2015,"5,069",0,"5,069",953,0,953,238,0,238,3.95,0,3.95,3.89,0,3.89,3.52,0,3.52,0,0,0,170,0,170,169,0,169,163,0,163,0,0,0
"PENNSYLVANIA, UNIVERSITY OF",36,2014,"5,828",0,"5,828",954,0,954,250,0,250,3.95,0,3.95,3.89,0,3.89,3.52,0,3.52,0,0,0,170,0,170,169,0,169,164,0,164,0,0,0
"PENNSYLVANIA, UNIVERSITY OF",36,2013,"5,283",0,"5,283",912,0,912,251,0,251,3.94,0,3.94,3.89,0,3.89,3.55,0,3.55,,,,171,0,171,169,0,169,165,0,165,,,
"PENNSYLVANIA, UNIVERSITY OF",36,2012,"5,848",0,"5,848",907,0,907,243,0,243,3.94,0,3.94,3.87,0,3.87,3.55,0,3.55,,,,171,0,171,170,0,170,164,0,164,,,
"PENNSYLVANIA, UNIVERSITY OF",36,2011,"4,952",0,"4,952",863,0,863,266,0,266,3.93,0,3.93,3.86,0,3.86,3.58,0,3.58,,,,171,0,171,170,0,170,166,0,166,,,
"SOUTHERN CALIFORNIA, UNIVERSITY OF",37,2016,"4,526",0,"4,526","1,357",0,"1,357",229,0,229,3.85,0,3.85,3.76,0,3.76,3.56,0,3.56,6,0,6,166,0,166,165,0,165,162,0,162,3,0,3
"SOUTHERN CALIFORNIA, UNIVERSITY OF",37,2015,"4,244",0,"4,244","1,270",0,"1,270",190,0,190,3.86,0,3.86,3.76,0,3.76,3.49,0,3.49,2,0,2,167,0,167,166,0,166,161,0,161,3,0,3
"SOUTHERN CALIFORNIA, UNIVERSITY OF",37,2014,"4,578",0,"4,578","1,300",0,"1,300",202,0,202,3.86,0,3.86,3.76,0,3.76,3.55,0,3.55,6,0,6,167,0,167,166,0,166,163,0,163,1,0,1
"SOUTHERN CALIFORNIA, UNIVERSITY OF",37,2013,"4,338",0,"4,338","1,269",0,"1,269",175,0,175,3.79,0,3.79,3.7,0,3.7,3.5,0,3.5,,,,167,0,167,166,0,166,163,0,163,,,
"SOUTHERN CALIFORNIA, UNIVERSITY OF",37,2012,"5,019",0,"5,019","1,457",0,"1,457",188,0,188,3.8,0,3.8,3.73,0,3.73,3.51,0,3.51,,,,168,0,168,167,0,167,165,0,165,,,
"SOUTHERN CALIFORNIA, UNIVERSITY OF",37,2011,"5,987",0,"5,987","1,528",0,"1,528",199,0,199,3.77,0,3.77,3.69,0,3.69,3.54,0,3.54,,,,167,0,167,167,0,167,165,0,165,,,
SOUTHERN METHODIST UNIVERSITY,38,2016,"1,521",310,"1,831",712,2,714,219,1,220,3.78,0,3.78,3.67,0,3.67,3.39,0,3.39,-1,0,0,163,0,163,161,0,161,155,0,155,-1,0,0
SOUTHERN METHODIST UNIVERSITY,38,2015,"1,388",318,"1,706",667,39,706,186,26,212,3.75,3.81,3.75,3.64,3.47,3.63,3.25,3.27,3.27,2,4,6,163,162,163,161,155,161,156,152,156,0,0,0
SOUTHERN METHODIST UNIVERSITY,38,2014,"1,401",440,"1,841",614,82,696,184,42,226,3.76,3.61,3.74,3.64,3.44,3.58,3.3,3.18,3.25,0,4,4,164,161,163,161,159,161,157,153,156,0,0,0
SOUTHERN METHODIST UNIVERSITY,38,2013,"1,549",522,"2,071",586,106,692,161,51,212,3.84,3.64,3.82,3.72,3.51,3.63,3.34,2.94,3.32,,,,164,162,163,162,160,162,157,153,157,,,
SOUTHERN METHODIST UNIVERSITY,38,2012,"1,794",564,"2,358",553,143,696,154,64,218,3.84,3.72,3.81,3.73,3.49,3.65,3.34,3.21,3.3,,,,165,161,164,164,160,161,157,157,157,,,
SOUTHERN METHODIST UNIVERSITY,38,2011,"2,146",663,"2,809",463,115,578,157,75,232,3.84,3.74,3.81,3.72,3.57,3.67,3.34,3.16,3.31,,,,166,162,165,165,160,163,158,152,157,,,
STANFORD UNIVERSITY,39,2016,"3,821",0,"3,821",409,0,409,180,0,180,3.95,0,3.95,3.87,0,3.87,3.75,0,3.75,2,0,2,173,0,173,171,0,171,168,0,168,1,0,1
STANFORD UNIVERSITY,39,2015,"3,847",0,"3,847",433,0,433,180,0,180,3.97,0,3.97,3.89,0,3.89,3.78,0,3.78,1,0,1,173,0,173,171,0,171,169,0,169,0,0,0
STANFORD UNIVERSITY,39,2014,"4,482",0,"4,482",408,0,408,179,0,179,3.97,0,3.97,3.9,0,3.9,3.8,0,3.8,2,0,2,174,0,174,172,0,172,169,0,169,0,0,0
STANFORD UNIVERSITY,39,2013,"3,795",0,"3,795",392,0,392,179,0,179,3.95,0,3.95,3.87,0,3.87,3.76,0,3.76,,,,173,0,173,171,0,171,169,0,169,,,
STANFORD UNIVERSITY,39,2012,"3,966",0,"3,966",384,0,384,180,0,180,3.96,0,3.96,3.86,0,3.86,3.76,0,3.76,,,,173,0,173,170,0,170,168,0,168,,,
STANFORD UNIVERSITY,39,2011,"3,783",0,"3,783",372,0,372,180,0,180,3.93,0,3.93,3.85,0,3.85,3.72,0,3.72,,,,172,0,172,170,0,170,167,0,167,,,
"TEXAS AT AUSTIN, UNIVERSITY OF",40,2016,"4,424",0,"4,424","1,201",0,"1,201",295,0,295,3.84,0,3.84,3.7,0,3.7,3.41,0,3.41,1,0,1,168,0,168,167,0,167,162,0,162,0,0,0
"TEXAS AT AUSTIN, UNIVERSITY OF",40,2015,"4,303",0,"4,303",944,0,944,265,0,265,3.86,0,3.86,3.73,0,3.73,3.48,0,3.48,7,0,7,169,0,169,167,0,167,162,0,162,0,0,0
"TEXAS AT AUSTIN, UNIVERSITY OF",40,2014,"4,387",0,"4,387","1,073",0,"1,073",301,0,301,3.82,0,3.82,3.68,0,3.68,3.43,0,3.43,7,0,7,168,0,168,167,0,167,163,0,163,0,0,0
"TEXAS AT AUSTIN, UNIVERSITY OF",40,2013,"4,188",0,"4,188","1,267",0,"1,267",319,0,319,3.82,0,3.82,3.68,0,3.68,3.43,0,3.43,,,,168,0,168,166,0,166,163,0,163,,,
"TEXAS AT AUSTIN, UNIVERSITY OF",40,2012,"4,316",0,"4,316","1,172",0,"1,172",308,0,308,3.82,0,3.82,3.67,0,3.67,3.52,0,3.52,,,,169,0,169,167,0,167,163,0,163,,,
"TEXAS AT AUSTIN, UNIVERSITY OF",40,2011,"4,759",0,"4,759","1,303",0,"1,303",370,0,370,3.8,0,3.8,3.69,0,3.69,3.56,0,3.56,,,,170,0,170,167,0,167,165,0,165,,,
"UTAH, UNIVERSITY OF",41,2016,612,0,612,302,0,302,93,0,93,3.7,0,3.7,3.5,0,3.5,3.33,0,3.33,0,0,0,161,0,161,158,0,158,156,0,156,0,0,0
"UTAH, UNIVERSITY OF",41,2015,630,0,630,297,0,297,92,0,92,3.76,0,3.76,3.57,0,3.57,3.36,0,3.36,1,0,1,160,0,160,158,0,158,154,0,154,0,0,0
"UTAH, UNIVERSITY OF",41,2014,679,0,679,300,0,300,100,0,100,3.69,0,3.69,3.58,0,3.58,3.36,0,3.36,1,0,1,161,0,161,158,0,158,155,0,155,0,0,0
"UTAH, UNIVERSITY OF",41,2013,716,0,716,323,0,323,107,0,107,3.69,0,3.69,3.51,0,3.51,3.31,0,3.31,,,,161,0,161,159,0,159,155,0,155,,,
"UTAH, UNIVERSITY OF",41,2012,878,0,878,310,0,310,97,0,97,3.8,0,3.8,3.61,0,3.61,3.32,0,3.32,,,,162,0,162,160,0,160,156,0,156,,,
"UTAH, UNIVERSITY OF",41,2011,"1,230",0,"1,230",378,0,378,114,0,114,3.72,0,3.72,3.54,0,3.54,3.41,0,3.41,,,,163,0,163,161,0,161,157,0,157,,,
VANDERBILT UNIVERSITY,42,2016,"4,380",0,"4,380","1,413",0,"1,413",204,0,204,3.85,0,3.85,3.7,0,3.7,3.5,0,3.5,0,0,0,168,0,168,167,0,167,162,0,162,0,0,0
VANDERBILT UNIVERSITY,42,2015,"3,852",0,"3,852","1,467",0,"1,467",162,0,162,3.83,0,3.83,3.74,0,3.74,3.5,0,3.5,0,0,0,168,0,168,166,0,166,161,0,161,0,0,0
VANDERBILT UNIVERSITY,42,2014,"3,673",0,"3,673","1,274",0,"1,274",171,0,171,3.84,0,3.84,3.7,0,3.7,3.45,0,3.45,2,0,2,168,0,168,167,0,167,162,0,162,0,0,0
VANDERBILT UNIVERSITY,42,2013,"3,296",0,"3,296","1,122",0,"1,122",174,0,174,3.85,0,3.85,3.74,0,3.74,3.45,0,3.45,,,,169,0,169,167,0,167,163,0,163,,,
VANDERBILT UNIVERSITY,42,2012,"3,757",0,"3,757","1,133",0,"1,133",173,0,173,3.85,0,3.85,3.71,0,3.71,3.43,0,3.43,,,,170,0,170,169,0,169,163,0,163,,,
VANDERBILT UNIVERSITY,42,2011,"3,987",0,"3,987","1,054",0,"1,054",193,0,193,3.84,0,3.84,3.73,0,3.73,3.48,0,3.48,,,,170,0,170,169,0,169,165,0,165,,,
"VIRGINIA, UNIVERSITY OF",43,2016,"4,794",0,"4,794",952,0,952,296,0,296,3.94,0,3.94,3.86,0,3.86,3.48,0,3.48,0,0,0,170,0,170,169,0,169,164,0,164,0,0,0
"VIRGINIA, UNIVERSITY OF",43,2015,"4,552",0,"4,552",918,0,918,304,0,304,3.94,0,3.94,3.86,0,3.86,3.59,0,3.59,1,0,1,170,0,170,168,0,168,163,0,163,1,0,1
"VIRGINIA, UNIVERSITY OF",43,2014,"5,233",0,"5,233",949,0,949,307,0,307,3.93,0,3.93,3.85,0,3.85,3.57,0,3.57,2,0,2,170,0,170,169,0,169,166,0,166,1,0,1
"VIRGINIA, UNIVERSITY OF",43,2013,"6,048",0,"6,048","1,071",0,"1,071",330,0,330,3.94,0,3.94,3.87,0,3.87,3.52,0,3.52,,,,170,0,170,169,0,169,164,0,164,,,
"VIRGINIA, UNIVERSITY OF",43,2012,"6,062",0,"6,062",920,0,920,356,0,356,3.93,0,3.93,3.87,0,3.87,3.53,0,3.53,,,,171,0,171,170,0,170,164,0,164,,,
"VIRGINIA, UNIVERSITY OF",43,2011,"7,379",0,"7,379",688,0,688,357,0,357,3.94,0,3.94,3.86,0,3.86,3.49,0,3.49,,,,171,0,171,170,0,170,165,0,165,,,
WAKE FOREST UNIVERSITY,44,2016,"1,906",0,"1,906",866,0,866,161,0,161,3.7,0,3.7,3.58,0,3.58,3.35,0,3.35,0,0,0,162,0,162,161,0,161,156,0,156,0,0,0
WAKE FOREST UNIVERSITY,44,2015,"1,989",0,"1,989","1,106",0,"1,106",140,0,140,3.72,0,3.72,3.6,0,3.6,3.35,0,3.35,2,0,2,162,0,162,161,0,161,157,0,157,1,0,1
WAKE FOREST UNIVERSITY,44,2014,"2,028",0,"2,028","1,071",0,"1,071",179,0,179,3.77,0,3.77,3.58,0,3.58,3.37,0,3.37,1,0,1,163,0,163,161,0,161,157,0,157,0,0,0
WAKE FOREST UNIVERSITY,44,2013,"2,599",0,"2,599","1,179",0,"1,179",179,0,179,3.73,0,3.73,3.57,0,3.57,3.25,0,3.25,,,,164,0,164,162,0,162,157,0,157,,,
WAKE FOREST UNIVERSITY,44,2012,"3,410",0,"3,410","1,423",0,"1,423",125,0,125,3.75,0,3.75,3.63,0,3.63,3.4,0,3.4,,,,165,0,165,163,0,163,159,0,159,,,
WAKE FOREST UNIVERSITY,44,2011,"2,632",0,"2,632",948,0,948,185,0,185,3.76,0,3.76,3.57,0,3.57,3.2,0,3.2,,,,164,0,164,163,0,163,160,0,160,,,
WASHINGTON AND LEE UNIVERSITY,45,2016,"1,908",0,"1,908",895,0,895,117,0,117,3.67,0,3.67,3.47,0,3.47,3.16,0,3.16,2,0,2,161,0,161,160,0,160,155,0,155,0,0,0
WASHINGTON AND LEE UNIVERSITY,45,2015,"1,867",0,"1,867",907,0,907,119,0,119,3.58,0,3.58,3.41,0,3.41,3.08,0,3.08,3,0,3,162,0,162,160,0,160,158,0,158,0,0,0
WASHINGTON AND LEE UNIVERSITY,45,2014,"2,335",0,"2,335","1,011",0,"1,011",101,0,101,3.57,0,3.57,3.41,0,3.41,3.08,0,3.08,-15,0,-15,162,0,162,160,0,160,158,0,158,-18,0,-18
WASHINGTON AND LEE UNIVERSITY,45,2013,"2,409",0,"2,409",918,0,918,111,0,111,3.66,0,3.66,3.51,0,3.51,3.36,0,3.36,,,,165,0,165,164,0,164,160,0,160,,,
WASHINGTON AND LEE UNIVERSITY,45,2012,"3,408",0,"3,408","1,031",0,"1,031",187,0,187,3.73,0,3.73,3.62,0,3.62,3.4,0,3.4,,,,165,0,165,164,0,164,159,0,159,,,
WASHINGTON AND LEE UNIVERSITY,45,2011,"3,972",0,"3,972",964,0,964,121,0,121,0,0,3.8,0,0,3.65,0,0,3.5,,,,0,0,165,0,0,164,0,0,159,,,
WASHINGTON UNIVERSITY,46,2016,"4,113",0,"4,113","1,311",0,"1,311",228,0,228,3.81,0,3.81,3.67,0,3.67,3.15,0,3.15,11,0,11,169,0,169,168,0,168,160,0,160,5,0,5
WASHINGTON UNIVERSITY,46,2015,"4,613",0,"4,613","1,275",0,"1,275",209,1,210,3.8,0,3.8,3.67,0,3.67,3.18,0,3.18,8,1,9,168,0,168,167,0,167,161,0,161,2,0,3
WASHINGTON UNIVERSITY,46,2014,"4,649",0,"4,649","1,398",0,"1,398",270,0,270,3.76,0,3.76,3.62,0,3.62,3.2,0,3.2,12,0,12,167,0,167,166,0,166,162,0,162,3,0,3
WASHINGTON UNIVERSITY,46,2013,"4,251",0,"4,251","1,032",0,"1,032",189,0,189,3.77,0,3.77,3.69,0,3.69,3.27,0,3.27,,,,167,0,167,166,0,166,160,0,160,,,
WASHINGTON UNIVERSITY,46,2012,"3,989",0,"3,989","1,138",0,"1,138",201,0,201,3.78,0,3.78,3.68,0,3.68,3.34,0,3.34,,,,168,0,168,166,0,166,160,0,160,,,
WASHINGTON UNIVERSITY,46,2011,"3,847",0,"3,847",979,0,979,243,0,243,3.8,0,3.8,3.66,0,3.66,3.22,0,3.22,,,,169,0,169,168,0,168,162,0,162,,,
"WASHINGTON, UNIVERSITY OF",47,2016,"2,517",0,"2,517",677,0,677,156,0,156,3.8,0,3.8,3.68,0,3.68,3.43,0,3.43,7,0,7,165,0,165,163,0,163,157,0,157,3,0,3
"WASHINGTON, UNIVERSITY OF",47,2015,"2,877",0,"2,877",775,0,775,170,0,170,3.78,0,3.78,3.65,0,3.65,3.41,0,3.41,7,0,7,166,0,166,164,0,164,159,0,159,0,0,0
"WASHINGTON, UNIVERSITY OF",47,2014,"2,946",0,"2,946",776,0,776,163,0,163,3.84,0,3.84,3.67,0,3.67,3.51,0,3.51,5,0,5,166,0,166,164,0,164,160,0,160,0,0,0
"WASHINGTON, UNIVERSITY OF",47,2013,"2,621",0,"2,621",686,0,686,143,0,143,3.8,0,3.8,3.64,0,3.64,3.46,0,3.46,,,,165,0,165,164,0,164,161,0,161,,,
"WASHINGTON, UNIVERSITY OF",47,2012,"2,927",0,"2,927",638,0,638,176,0,176,3.82,0,3.82,3.68,0,3.68,3.5,0,3.5,,,,166,0,166,164,0,164,162,0,162,,,
"WASHINGTON, UNIVERSITY OF",47,2011,"2,656",0,"2,656",586,0,586,182,0,182,3.82,0,3.82,3.67,0,3.67,3.44,0,3.44,,,,166,0,166,164,0,164,161,0,161,,,
WILLIAM AND MARY LAW SCHOOL,48,2016,"4,227",0,"4,227","1,717",0,"1,717",236,0,236,3.88,0,3.88,3.75,0,3.75,3.49,0,3.49,5,0,5,164,0,164,162,0,162,157,0,157,1,0,1
WILLIAM AND MARY LAW SCHOOL,48,2015,"4,567",0,"4,567","1,653",0,"1,653",199,0,199,3.86,0,3.86,3.69,0,3.69,3.4,0,3.4,4,0,4,164,0,164,163,0,163,158,0,158,0,0,0
WILLIAM AND MARY LAW SCHOOL,48,2014,"4,407",0,"4,407","1,422",0,"1,422",213,0,213,3.89,0,3.89,3.79,0,3.79,3.53,0,3.53,2,0,2,165,0,165,163,0,163,157,0,157,0,0,0
WILLIAM AND MARY LAW SCHOOL,48,2013,"5,849",0,"5,849","1,727",0,"1,727",226,0,226,3.88,0,3.88,3.73,0,3.73,3.46,0,3.46,,,,165,0,165,164,0,164,161,0,161,,,
WILLIAM AND MARY LAW SCHOOL,48,2012,"5,564",0,"5,564","1,770",0,"1,770",196,0,196,3.84,0,3.84,3.74,0,3.74,3.45,0,3.45,,,,166,0,166,164,0,164,161,0,161,,,
WILLIAM AND MARY LAW SCHOOL,48,2011,"5,937",0,"5,937","1,306",0,"1,306",217,0,217,3.82,0,3.82,3.73,0,3.73,3.46,0,3.46,,,,167,0,167,165,0,165,161,0,161,,,
"WISCONSIN, UNIVERSITY OF",49,2016,"1,406",0,"1,406",642,0,642,145,4,149,3.72,0,3.72,3.58,0,3.58,3.3,0,3.3,-3,1,1,163,0,163,161,0,161,156,0,156,-4,0,0
"WISCONSIN, UNIVERSITY OF",49,2015,"1,406",0,"1,406",631,0,631,186,0,186,3.76,0,3.76,3.54,0,3.54,3.27,0,3.27,2,0,2,162,0,162,161,0,161,155,0,155,0,0,0
"WISCONSIN, UNIVERSITY OF",49,2014,"1,371",0,"1,371",684,0,684,157,1,158,3.76,0,3.76,3.62,0,3.62,3.3,0,3.3,3,1,4,163,0,163,161,0,161,157,0,157,-1,1,0
"WISCONSIN, UNIVERSITY OF",49,2013,"1,483",0,"1,483",655,0,655,186,0,186,3.7,0,3.7,3.58,0,3.58,3.21,0,3.21,,,,163,0,163,161,0,161,156,0,156,,,
"WISCONSIN, UNIVERSITY OF",49,2012,"2,130",0,"2,130",797,0,797,215,0,215,3.72,0,3.72,3.61,0,3.61,3.33,0,3.33,,,,164,0,164,162,0,162,157,0,157,,,
"WISCONSIN, UNIVERSITY OF",49,2011,"2,864",0,"2,864",755,0,755,242,0,242,3.78,3.78,3.78,3.67,3.67,3.67,3.34,3.34,3.34,,,,165,165,165,163,163,163,158,158,158,,,
YALE UNIVERSITY,50,2016,"2,735",0,"2,735",259,0,259,210,0,210,3.97,0,3.97,3.89,0,3.89,3.79,0,3.79,2,0,2,175,0,175,173,0,173,170,0,170,0,0,0
YALE UNIVERSITY,50,2015,"2,767",0,"2,767",269,0,269,200,0,200,3.98,0,3.98,3.93,0,3.93,3.86,0,3.86,2,0,2,176,0,176,173,0,173,171,0,171,0,0,0
YALE UNIVERSITY,50,2014,"2,859",0,"2,859",255,0,255,200,0,200,3.97,0,3.97,3.91,0,3.91,3.82,0,3.82,2,0,2,176,0,176,173,0,173,170,0,170,0,0,0
YALE UNIVERSITY,50,2013,"2,637",0,"2,637",247,0,247,199,0,199,3.97,0,3.97,3.9,0,3.9,3.82,0,3.82,,,,176,0,176,173,0,173,170,0,170,,,
YALE UNIVERSITY,50,2012,"2,943",0,"2,943",245,0,245,203,0,203,3.98,0,3.98,3.9,0,3.9,3.84,0,3.84,,,,176,0,176,173,0,173,170,0,170,,,
YALE UNIVERSITY,50,2011,"3,173",0,"3,173",252,0,252,205,0,205,3.96,0,3.96,3.9,0,3.9,3.83,0,3.83,,,,177,0,177,173,0,173,170,0,170,,,